{"threshdistr": 2, "lowampsuppression": 0.03973085000685148, "outputunvoiced": 0, "precisetime": 0, "prunethresh": 0.4206648531931466, "onsetsensitivity": 0.08413265830659311}